cluster_number,cluster_id,cluster_name,product_group,products,link,image
5,1,"Pop Culture Icons: Kardashian, Music & Fashion",Kardashian-Jenner Fashion & Beauty,Kylie Jenner Lip Kits,https://www.teepublic.com/t-shirts/celebrity?msockid=297aa8aeecfe680f1fe3bcd6ed986912,https://www.superprof.com.au/blog/wp-content/uploads/2018/09/hindi-films-dvd-movies.jpg
5,1,"Pop Culture Icons: Kardashian, Music & Fashion",Kardashian-Jenner Fashion & Beauty,Kim Kardashian Skims Collection,https://www.etsy.com/market/celebrity_mugs?msockid=297aa8aeecfe680f1fe3bcd6ed986912,https://www.superprof.com.au/blog/wp-content/uploads/2018/09/hindi-films-dvd-movies.jpg
5,1,"Pop Culture Icons: Kardashian, Music & Fashion",Kardashian-Jenner Fashion & Beauty,Kendall Jenner?s Model-Inspired Fashion,https://www.iceposter.com/,https://www.superprof.com.au/blog/wp-content/uploads/2018/09/hindi-films-dvd-movies.jpg
5,1,"Pop Culture Icons: Kardashian, Music & Fashion",Pop Music Merchandise,Britney Spears Iconic Merch,https://nymag.com/,https://www.superprof.com.au/blog/wp-content/uploads/2018/09/hindi-films-dvd-movies.jpg
5,1,"Pop Culture Icons: Kardashian, Music & Fashion",Pop Music Merchandise,Lady Gaga Concert Experience,https://ew.com/,https://www.superprof.com.au/blog/wp-content/uploads/2018/09/hindi-films-dvd-movies.jpg
5,1,"Pop Culture Icons: Kardashian, Music & Fashion",Pop Music Merchandise,Zendaya Music & Movie Combo Box Set,https://www.magazines.com/people-magazine.html,https://www.superprof.com.au/blog/wp-content/uploads/2018/09/hindi-films-dvd-movies.jpg
5,1,"Pop Culture Icons: Kardashian, Music & Fashion",Celebrity Fashion & Lifestyle,Beyonc‚ Ivy Park Collection,https://www.ticketmaster.com/taylor-swift-tickets/artist/1094215?msockid=297aa8aeecfe680f1fe3bcd6ed986912,https://www.superprof.com.au/blog/wp-content/uploads/2018/09/hindi-films-dvd-movies.jpg
5,1,"Pop Culture Icons: Kardashian, Music & Fashion",Celebrity Fashion & Lifestyle,Serena Williams x Nike Tennis Apparel,https://www.ticketmaster.com/mtv-video-music-awards-billets/artist/986330?msockid=297aa8aeecfe680f1fe3bcd6ed986912,https://www.superprof.com.au/blog/wp-content/uploads/2018/09/hindi-films-dvd-movies.jpg
5,1,"Pop Culture Icons: Kardashian, Music & Fashion",Celebrity Fashion & Lifestyle,Miley Cyrus Vintage Rock Apparel,https://www.ticketmaster.com/discover/concerts?msockid=297aa8aeecfe680f1fe3bcd6ed986912,https://www.superprof.com.au/blog/wp-content/uploads/2018/09/hindi-films-dvd-movies.jpg
5,2,NBA & WWE,Sports Apparel and Merchandise,LeBron James Lakers Jersey,https://www.sportsmemorabilia.com/cristiano-ronaldo/a-1288734273+z-933007-2034818680,https://www.superprof.com.au/blog/wp-content/uploads/2018/09/hindi-films-dvd-movies.jpg
5,2,NBA & WWE,Sports Apparel and Merchandise,WWE Championship Belt Replica,https://store.playstation.com/en-us/concept/10007788,https://www.superprof.com.au/blog/wp-content/uploads/2018/09/hindi-films-dvd-movies.jpg
5,2,NBA & WWE,Sports Apparel and Merchandise,"Kobe Bryant ""Mamba Forever"" Hoodie",https://shop.wwe.com/en/,https://www.superprof.com.au/blog/wp-content/uploads/2018/09/hindi-films-dvd-movies.jpg
5,2,NBA & WWE,Sports and Entertainment Collectibles,LeBron James Funko Pop! Figure,https://global.nbastore.com/en/?CMP=FUS-KYDILES9andportal=KYDILES9,https://www.superprof.com.au/blog/wp-content/uploads/2018/09/hindi-films-dvd-movies.jpg
5,2,NBA & WWE,Sports and Entertainment Collectibles,WWE Action Figures,https://www.nike.com/w/cristiano-ronaldo-69np1?msockid=297aa8aeecfe680f1fe3bcd6ed986912,https://www.superprof.com.au/blog/wp-content/uploads/2018/09/hindi-films-dvd-movies.jpg
5,2,NBA & WWE,Sports and Entertainment Collectibles,NBA Signed Basketballs,https://www.wired.com/gallery/best-fitness-tracker/,https://www.superprof.com.au/blog/wp-content/uploads/2018/09/hindi-films-dvd-movies.jpg
5,2,NBA & WWE,Video Games and Streaming,NBA 2K24,https://www.amazon.com/nba-championship-trophy/s?k=nba+championship+trophy,https://www.superprof.com.au/blog/wp-content/uploads/2018/09/hindi-films-dvd-movies.jpg
5,2,NBA & WWE,Video Games and Streaming,WWE 2K24,https://wrestlingshop.com/en-us/collections/wwe-legends-series-figures,https://www.superprof.com.au/blog/wp-content/uploads/2018/09/hindi-films-dvd-movies.jpg
5,2,NBA & WWE,Video Games and Streaming,WWE Network Subscription,https://www.ebay.com/b/Cristiano-Ronaldo-Autographed-Soccer-Balls/73414/bn_7112186796?msockid=297aa8aeecfe680f1fe3bcd6ed986912,https://www.superprof.com.au/blog/wp-content/uploads/2018/09/hindi-films-dvd-movies.jpg
5,3,Music: Pop-Rock & EDM,Albums and Music Streaming,"Taylor Swift ""Midnights"" Album",https://www.amazon.com/King-Shahrukh-Bollywood-English-Subtitles/dp/B004F0LEMO,https://www.superprof.com.au/blog/wp-content/uploads/2018/09/hindi-films-dvd-movies.jpg
5,3,Music: Pop-Rock & EDM,Albums and Music Streaming,"BLACKPINK ""The Album""",https://www.amazon.com/Movies-Bollywood-Blu-ray/s?rh=n%3A2901954011%2Cp_n_theme_browse-bin%3A7661505011,https://www.superprof.com.au/blog/wp-content/uploads/2018/09/hindi-films-dvd-movies.jpg
5,3,Music: Pop-Rock & EDM,Albums and Music Streaming,"Martin Garrix ""Sentio"" Album",https://www.cricketvideo.com/index.php?cPath=22,https://www.superprof.com.au/blog/wp-content/uploads/2018/09/hindi-films-dvd-movies.jpg
5,3,Music: Pop-Rock & EDM,Concerts and Tours,"aylor Swift ""Eras Tour"" Tickets",https://www.amazon.com/s?k=Bollywoodb+Hits+Albumandcrid=WZJTF5OS79ZOandsprefix=bollywoodb+hits+album%2Caps%2C339andref=nb_sb_noss,https://www.superprof.com.au/blog/wp-content/uploads/2018/09/hindi-films-dvd-movies.jpg
5,3,Music: Pop-Rock & EDM,Concerts and Tours,Martin Garrix Live in Ibiza,https://www.amazon.com/s?k=India+Cricket+Anthems%3A+Songsandcrid=1XJFQXEQRT4DCandsprefix=india+cricket+anthems+songs%2Caps%2C324andref=nb_sb_noss,https://www.superprof.com.au/blog/wp-content/uploads/2018/09/hindi-films-dvd-movies.jpg
5,3,Music: Pop-Rock & EDM,Concerts and Tours,"Carrie Underwood ""Denim & Rhinestones Tour"" VIP Experience",https://www.amazon.com/s?k=Bollywood+Melodiesandcrid=1B49H77BM1CKUandsprefix=bollywood+melodies%2Caps%2C332andref=nb_sb_noss_2,https://www.superprof.com.au/blog/wp-content/uploads/2018/09/hindi-films-dvd-movies.jpg
5,3,Music: Pop-Rock & EDM,Artist Merchandise and Collectibles,"Justin Bieber ""Belieber"" T-shirt",https://www.premiertickets.co/event/bollywood-trivia-night-at-tamasha/,https://www.superprof.com.au/blog/wp-content/uploads/2018/09/hindi-films-dvd-movies.jpg
5,3,Music: Pop-Rock & EDM,Artist Merchandise and Collectibles,BLACKPINK Light Stick,https://www.ticketmaster.co.uk/arijit-singh-tickets/artist/2006598,https://www.superprof.com.au/blog/wp-content/uploads/2018/09/hindi-films-dvd-movies.jpg
5,3,Music: Pop-Rock & EDM,Artist Merchandise and Collectibles,"Taylor Swift ""Folklore"" Vinyl Record",https://www.seatunique.com/sport-tickets/cricket,https://www.superprof.com.au/blog/wp-content/uploads/2018/09/hindi-films-dvd-movies.jpg
5,4,Bollywood & Sports,Bollywood Celebrity Merchandise,Deepika Padukone Fan Apparel,https://www.brunomars.com/tour,https://www.superprof.com.au/blog/wp-content/uploads/2018/09/hindi-films-dvd-movies.jpg
5,4,Bollywood & Sports,Bollywood Celebrity Merchandise,Salman Khan Fitness Gear,https://www.ticketmaster.com/eminem-tickets/artist/722998?msockid=297aa8aeecfe680f1fe3bcd6ed986912,https://www.superprof.com.au/blog/wp-content/uploads/2018/09/hindi-films-dvd-movies.jpg
5,4,Bollywood & Sports,Bollywood Celebrity Merchandise,Bollywood Fashion Collection,https://www.songkick.com/festivals/countries/us,https://www.superprof.com.au/blog/wp-content/uploads/2018/09/hindi-films-dvd-movies.jpg
5,4,Bollywood & Sports,Sports Celebrity Merchandise,Cristiano Ronaldo Signature Footwear,https://reverb.com/item/49552425-sterling-by-music-man-ax20-rockstar-edition,https://www.superprof.com.au/blog/wp-content/uploads/2018/09/hindi-films-dvd-movies.jpg
5,4,Bollywood & Sports,Sports Celebrity Merchandise,Virat Kohli Cricket Gear,https://www.shure.com/en-US/applications/live-performance,https://www.superprof.com.au/blog/wp-content/uploads/2018/09/hindi-films-dvd-movies.jpg
5,4,Bollywood & Sports,Sports Celebrity Merchandise,Lionel Messi Football Jerseys,https://musiccritic.com/equipment/headphones/best-dj-headphones/,https://www.superprof.com.au/blog/wp-content/uploads/2018/09/hindi-films-dvd-movies.jpg
5,4,Bollywood & Sports,Entertainment & Sports Collaborations,Bollywood-Themed Sports Events,https://shop.justinbiebermusic.com/products/justice-tour-hoodie,https://www.superprof.com.au/blog/wp-content/uploads/2018/09/hindi-films-dvd-movies.jpg
5,4,Bollywood & Sports,Entertainment & Sports Collaborations,Fantasy Sports with Bollywood Influencers,https://shop.eminem.com/collections/top-vinyl,https://www.superprof.com.au/blog/wp-content/uploads/2018/09/hindi-films-dvd-movies.jpg
5,4,Bollywood & Sports,Entertainment & Sports Collaborations,Bollywood Star & Athlete Collaboration Campaigns,https://postermemorabilia.com/collections/music,https://www.superprof.com.au/blog/wp-content/uploads/2018/09/hindi-films-dvd-movies.jpg
5,5,Hollywood & Entertainment Icons,Celebrity Merchandise,Jennifer Aniston Collection,https://www.criterion.com/shop/collection/79-oscar-winners,https://www.superprof.com.au/blog/wp-content/uploads/2018/09/hindi-films-dvd-movies.jpg
5,5,Hollywood & Entertainment Icons,Celebrity Merchandise,Conan O'Brien Memorabilia,https://www.amazon.co.uk/DVD-Blu-ray-Jennifer-Aniston/s?rh=n%3A283926%2Cp_lbr_actors_browse-bin%3AJennifer+Aniston,https://www.superprof.com.au/blog/wp-content/uploads/2018/09/hindi-films-dvd-movies.jpg
5,5,Hollywood & Entertainment Icons,Celebrity Merchandise,Jessica Chastain Fashion Line,https://www.amazon.com/Late-Night-Conan-OBrien-Anniversary/dp/B000LC3IF6,https://www.superprof.com.au/blog/wp-content/uploads/2018/09/hindi-films-dvd-movies.jpg
5,5,Hollywood & Entertainment Icons,Entertainment Experiences,Hollywood Star Tour,https://wbshop.com/collections/friends,https://www.superprof.com.au/blog/wp-content/uploads/2018/09/hindi-films-dvd-movies.jpg
5,5,Hollywood & Entertainment Icons,Entertainment Experiences,VIP Tickets to Family Feud,https://store.steveharvey.com/collections/mugs,https://www.superprof.com.au/blog/wp-content/uploads/2018/09/hindi-films-dvd-movies.jpg
5,5,Hollywood & Entertainment Icons,Entertainment Experiences,Film Festival Passes,https://postermemorabilia.com/,https://www.superprof.com.au/blog/wp-content/uploads/2018/09/hindi-films-dvd-movies.jpg
5,5,Hollywood & Entertainment Icons,Media & Content,Hollywood Insider Podcasts,https://www.amazon.com/s?k=Behind+the+Scenes+of+Hollywood%3A+From+Actor+to+Iconandi=stripbooks-intl-shipandcrid=MQW2OIFAGGNIandsprefix=behind+the+scenes+of+hollywood+from+actor+to+icon%2Cstripbooks-intl-ship%2C347andref=nb_sb_noss,https://www.superprof.com.au/blog/wp-content/uploads/2018/09/hindi-films-dvd-movies.jpg
5,5,Hollywood & Entertainment Icons,Media & Content,Classic Movie Streaming Package,https://www.amazon.com/s?k=The+Ultimate+TV+Show+Guide%3A+From+Sitcoms+to+Dramasandi=stripbooks-intl-shipandcrid=2TO03EHJEW8IJandsprefix=the+ultimate+tv+show+guide+from+sitcoms+to+dramas%2Cstripbooks-intl-ship%2C310andref=nb_sb_noss,https://www.superprof.com.au/blog/wp-content/uploads/2018/09/hindi-films-dvd-movies.jpg
5,5,Hollywood & Entertainment Icons,Media & Content,Virtual Reality Experiences,https://www.esquire.com/entertainment/books/g39111994/best-books-about-hollywood/,https://www.superprof.com.au/blog/wp-content/uploads/2018/09/hindi-films-dvd-movies.jpg
6,1,Bollywood & Fashion Trends,Bollywood-Inspired Fashion,Celebrity Red Carpet Dresses,https://www.teepublic.com/t-shirts/celebrity?msockid=297aa8aeecfe680f1fe3bcd6ed986912,https://www.superprof.com.au/blog/wp-content/uploads/2018/09/hindi-films-dvd-movies.jpg
6,1,Bollywood & Fashion Trends,Bollywood-Inspired Fashion,Bollywood Casual Wear,https://www.etsy.com/market/celebrity_mugs?msockid=297aa8aeecfe680f1fe3bcd6ed986912,https://www.superprof.com.au/blog/wp-content/uploads/2018/09/hindi-films-dvd-movies.jpg
6,1,Bollywood & Fashion Trends,Bollywood-Inspired Fashion,Ethnic Wear Collection,https://www.iceposter.com/,https://www.superprof.com.au/blog/wp-content/uploads/2018/09/hindi-films-dvd-movies.jpg
6,1,Bollywood & Fashion Trends,Bollywood Beauty & Grooming,Signature Makeup Kits,https://www.amazon.com/Crime-Monthly/dp/B08BFW3QDX/ref=sr_1_1?crid=1DDDNQ6UXHP8Manddib=eyJ2IjoiMSJ9.hCffivVF7PEDaxyTBTMLLnqxl8Ge0nD2YSlisvh6Lc2rpTYm3dgBj9A7WMR3SMFQcj1PS1IVoNkOi8dZvm00g57q_mxn2LeI19Op1WN28XQPg1Qcls2ueLfC0H8X3X954tYw4Jp5Fxl9-SnHwheZzmLtKyLuS5ZACn8Dra8BcQMBfxG4qtuv9ApI2Bw9cDCdnfiPO65MYrwtMMXTDas5pXvOtHPsydNIWXlP45_ePGs.LuZ8A2UHPWhdO_4bK_faAQGKLRiRlRO_cdpG4DaqNlcanddib_tag=seandkeywords=Crime+Monthly+Magazineandqid=1726485502andsprefix=crime+monthly+magazine%2Caps%2C609andsr=8-1,https://www.superprof.com.au/blog/wp-content/uploads/2018/09/hindi-films-dvd-movies.jpg
6,1,Bollywood & Fashion Trends,Bollywood Beauty & Grooming,Bollywood Skincare Range,https://www.amazon.com/Entertainment-Weekly-Ultimate-Guide-Yellowstone/dp/1547862017/ref=sr_1_2?crid=2GW8SH9BWP8UKanddib=eyJ2IjoiMSJ9.z8DdatgHrYQyvmjUuU0JUD_eSNMAHX_9qZntki-QDjRNlGknWpILfTL4TZ8BnW5QyHkDav5ROPJGYz0_GF8qMzXf9ZHtCqwXbvGThl1c9IrZMPpveiicKWumtF6L9gtU9ZCU9rXjLUGEX5S12s-eTiFE-u2sbke6WC5zsTFDNhXhGRvE91fNJKCAvBPNHEIBapkOrTENTLYF9RjypYrhWT-6RUSZ7n4YQKzhhFW97CA.XYiEaX-izVOTFfesGuKBqCHH7yjy5YByYnt2vH3agk8anddib_tag=seandkeywords=Entertainment+Magazinesandqid=1726485557andsprefix=entertainment+magazines%2Caps%2C570andsr=8-2,https://www.superprof.com.au/blog/wp-content/uploads/2018/09/hindi-films-dvd-movies.jpg
6,1,Bollywood & Fashion Trends,Bollywood Beauty & Grooming,Bollywood Haircare Essentials,https://www.amazon.com/Entertainment-Weekly-Ultimate-Guide-Star/dp/1547857552/ref=sr_1_4?crid=2GW8SH9BWP8UKanddib=eyJ2IjoiMSJ9.z8DdatgHrYQyvmjUuU0JUD_eSNMAHX_9qZntki-QDjRNlGknWpILfTL4TZ8BnW5QyHkDav5ROPJGYz0_GF8qMzXf9ZHtCqwXbvGThl1c9IrZMPpveiicKWumtF6L9gtU9ZCU9rXjLUGEX5S12s-eTiFE-u2sbke6WC5zsTFDNhXhGRvE91fNJKCAvBPNHEIBapkOrTENTLYF9RjypYrhWT-6RUSZ7n4YQKzhhFW97CA.XYiEaX-izVOTFfesGuKBqCHH7yjy5YByYnt2vH3agk8anddib_tag=seandkeywords=Entertainment+Magazinesandqid=1726485557andsprefix=entertainment+magazines%2Caps%2C570andsr=8-4,https://www.superprof.com.au/blog/wp-content/uploads/2018/09/hindi-films-dvd-movies.jpg
6,1,Bollywood & Fashion Trends,Bollywood Fashion Accessories,Bollywood Designer Jewelry,https://www.ticketmaster.com/taylor-swift-tickets/artist/1094215?msockid=297aa8aeecfe680f1fe3bcd6ed986912,https://www.superprof.com.au/blog/wp-content/uploads/2018/09/hindi-films-dvd-movies.jpg
6,1,Bollywood & Fashion Trends,Bollywood Fashion Accessories,Celebrity Sunglasses Collection,https://www.ticketmaster.com/mtv-video-music-awards-billets/artist/986330?msockid=297aa8aeecfe680f1fe3bcd6ed986912,https://www.superprof.com.au/blog/wp-content/uploads/2018/09/hindi-films-dvd-movies.jpg
6,1,Bollywood & Fashion Trends,Bollywood Fashion Accessories,Designer Handbags,https://www.ticketmaster.com/discover/concerts?msockid=297aa8aeecfe680f1fe3bcd6ed986912,https://www.superprof.com.au/blog/wp-content/uploads/2018/09/hindi-films-dvd-movies.jpg
6,2,"Global Sports Legends: Football, WWE, NBA & Tennis",Football Legends Merchandise,Cristiano Ronaldo Signed Jerseys,https://www.amazon.com/Specials-Scott-Westerfeld-audiobook/dp/B011VCZRRG/ref=sr_1_3?crid=1VSK9MDRZOAHManddib=eyJ2IjoiMSJ9.KbIdn1Do4hXP-W4SwzZ3bF2T2diblAmOgo3N3WyfajTGKt77sZP0yyjMgIuc-vzmn03TJlo3HBdgbjRXA6EC7qYN6pnnb40qjrBYwDaONP_3ezIbvLRXQ8wFPGnRYCzzKC_xV_kfJH2q5YmDOfcWjEa1hwdfzLxrmhyHINueA_xJJGUSSxdMg2DR8M5gOWVskrJmO2BQFfyKaGgGbKhvepYBOzUut5XgsnLSwzDca9M.M3jlU1jK2XsiLnz8j64sv8jhqIuHPm4ghm370gVdG9ganddib_tag=seandkeywords=Comedy+Specialsandqid=1726484975ands=audibleandsprefix=comedy+specials%2Caudible%2C311andsr=1-3,https://www.superprof.com.au/blog/wp-content/uploads/2018/09/hindi-films-dvd-movies.jpg
6,2,"Global Sports Legends: Football, WWE, NBA & Tennis",Football Legends Merchandise,Neymar Signature Football Boots,https://www.amazon.com/The-Dream-Guy-Next-Door/dp/B08MB531QL/ref=sr_1_1?crid=1VSK9MDRZOAHManddib=eyJ2IjoiMSJ9.YnBCACqOr9cBUe9vZ0-4pua5Z7Py2B9R1e9a2U_P9GlM64LxMUm8XiSHXjsDiqoLn-bonIhzEYAWw7fGapPNqiIGUk6n8JyC1xLc65qK-W1Ej_xOZWNO9wKYToOLSmzqCBrC43WLKKFmdpeGA2aPrdjykdZo1cKLL4hCXxPt0dGK1h4H-ai1nxcwXb_NV5LZdGekD-Z3o6BZcrZ_w5C9kjXpitvKTm5w0qC9lf3ZjLI.4nABM8Sk1gmCQumFT4d_Glk59Mgq-iKIzGSdqALMXtIanddib_tag=seandkeywords=Comedy+Specialsandqid=1726485039ands=audibleandsprefix=comedy+specials%2Caudible%2C311andsr=1-1,https://www.superprof.com.au/blog/wp-content/uploads/2018/09/hindi-films-dvd-movies.jpg
6,2,"Global Sports Legends: Football, WWE, NBA & Tennis",Football Legends Merchandise,Mesut ™zil Training Kits,https://www.amazon.com/Falling-Stars/dp/B00IYSRQ70/ref=sr_1_33?crid=1VSK9MDRZOAHManddib=eyJ2IjoiMSJ9.iUHizIGva9xYGyjF2xp-oNFPxPgHQM2YVp7G6bo2kfrLAfvWsv1AbNiOi5rtpteoQmEYNK0EiqT6EHddoJ3r_Q.lsNSbmxe47nv4GimC1O3TB5a3W3HihXMHLAbkXOx_58anddib_tag=seandkeywords=Comedy+Specialsandqid=1726485084ands=audibleandsprefix=comedy+specials%2Caudible%2C311andsr=1-33,https://www.superprof.com.au/blog/wp-content/uploads/2018/09/hindi-films-dvd-movies.jpg
6,2,"Global Sports Legends: Football, WWE, NBA & Tennis",WWE & MMA Superstar Gear,"Randy Orton ""RKO"" Apparel",https://www.comedymerch.co.uk/products/whisky-water-metal-collectible-pin-badge,https://www.superprof.com.au/blog/wp-content/uploads/2018/09/hindi-films-dvd-movies.jpg
6,2,"Global Sports Legends: Football, WWE, NBA & Tennis",WWE & MMA Superstar Gear,UFC Fight Gloves,https://comedyshop.com/collections/apparel/products/trevco-1-regina-george-victim-t-shirt-par711,https://www.superprof.com.au/blog/wp-content/uploads/2018/09/hindi-films-dvd-movies.jpg
6,2,"Global Sports Legends: Football, WWE, NBA & Tennis",WWE & MMA Superstar Gear,Fantasy WWE Action Figures,https://comedyshop.com/collections/household-goods,https://www.superprof.com.au/blog/wp-content/uploads/2018/09/hindi-films-dvd-movies.jpg
6,2,"Global Sports Legends: Football, WWE, NBA & Tennis",NBA & Tennis Icon Products,LeBron James Basketball Shoes,https://www.amazon.com/Harambe-Gay-Frogs-Collection-Americas-ebook/dp/B0CN2ZVXWJ/ref=sr_1_1_sspa?crid=32QR2MK330HRanddib=eyJ2IjoiMSJ9.l44z-8IICCievlZgSpOiB7JWUMkZHyQzsZ4RyVx2rMMKhpqR_XChXPOW-yaRnws9O54UfSE7GG9tu93MwNo01xD0hTb5T_rGnaVxciUpYnFqXSE9ILOLM25aaIgPAjkY9dO-XKcPZfaWnLU-QBdh0RNLgP6OPdhWCgWfbjOaELqLxcYQN-y4_alzvfd1qPDqopyh17-BlLJ4lEC6eDXp-qdwM_ZNxBc_P06AqKYqbVHwpIbp2MuN29uKePXNztHgCik4LaSteHCgBDKTxqCteXybC3aOHSzTKvFHM8pAWwA.Gt-FKpmy6V4veA7lWGQXcbH-uO51CVAtYEXOkUuFf9Qanddib_tag=seandkeywords=Comedy+Booksandqid=1726484787andsprefix=comedy+books%2Caps%2C305andsr=8-1-sponsandsp_csd=d2lkZ2V0TmFtZT1zcF9hdGYandpsc=1,https://www.superprof.com.au/blog/wp-content/uploads/2018/09/hindi-films-dvd-movies.jpg
6,2,"Global Sports Legends: Football, WWE, NBA & Tennis",NBA & Tennis Icon Products,Roger Federer Tennis Rackets,https://www.amazon.com/Greatest-Funny-Quotes-All-Time/dp/B0D4ZDGMB9/ref=sr_1_2_sspa?crid=32QR2MK330HRanddib=eyJ2IjoiMSJ9.l44z-8IICCievlZgSpOiB7JWUMkZHyQzsZ4RyVx2rMMKhpqR_XChXPOW-yaRnws9O54UfSE7GG9tu93MwNo01xD0hTb5T_rGnaVxciUpYnFqXSE9ILOLM25aaIgPAjkY9dO-XKcPZfaWnLU-QBdh0RNLgP6OPdhWCgWfbjOaELqLxcYQN-y4_alzvfd1qPDqopyh17-BlLJ4lEC6eDXp-qdwM_ZNxBc_P06AqKYqbVHwpIbp2MuN29uKePXNztHgCik4LaSteHCgBDKTxqCteXybC3aOHSzTKvFHM8pAWwA.Gt-FKpmy6V4veA7lWGQXcbH-uO51CVAtYEXOkUuFf9Qanddib_tag=seandkeywords=Comedy+Booksandqid=1726484787andsprefix=comedy+books%2Caps%2C305andsr=8-2-sponsandsp_csd=d2lkZ2V0TmFtZT1zcF9hdGYandpsc=1,https://www.superprof.com.au/blog/wp-content/uploads/2018/09/hindi-films-dvd-movies.jpg
6,2,"Global Sports Legends: Football, WWE, NBA & Tennis",NBA & Tennis Icon Products,Kobe Bryant Memorabilia Collection,https://www.amazon.com/I-Cant-Make-This-Up-audiobook/dp/B06VX4GGFT/ref=sr_1_7?crid=32QR2MK330HRanddib=eyJ2IjoiMSJ9.l44z-8IICCievlZgSpOiB7JWUMkZHyQzsZ4RyVx2rMMKhpqR_XChXPOW-yaRnws9O54UfSE7GG9tu93MwNo01xD0hTb5T_rGnaVxciUpYnFqXSE9ILOLM25aaIgPAjkY9dO-XKcPZfaWnLU-QBdh0RNLgP6OPdhWCgWfbjOaELqLxcYQN-y4_alzvfd1qPDqopyh17-BlLJ4lEC6eDXp-qdwM_ZNxBc_P06AqKYqbVHwpIbp2MuN29uKePXNztHgCik4LaSteHCgBDKTxqCteXybC3aOHSzTKvFHM8pAWwA.Gt-FKpmy6V4veA7lWGQXcbH-uO51CVAtYEXOkUuFf9Qanddib_tag=seandkeywords=Comedy+Booksandqid=1726484927andsprefix=comedy+books%2Caps%2C305andsr=8-7,https://www.superprof.com.au/blog/wp-content/uploads/2018/09/hindi-films-dvd-movies.jpg
6,3,Global Pop & EDM Icons,Pop & EDM Artist Merchandise,Justin Bieber Tour Merch,https://www.brunomars.com/tour,https://www.superprof.com.au/blog/wp-content/uploads/2018/09/hindi-films-dvd-movies.jpg
6,3,Global Pop & EDM Icons,Pop & EDM Artist Merchandise,Shreya Ghoshal Fan Apparel,https://www.ticketmaster.com/eminem-tickets/artist/722998?msockid=297aa8aeecfe680f1fe3bcd6ed986912,https://www.superprof.com.au/blog/wp-content/uploads/2018/09/hindi-films-dvd-movies.jpg
6,3,Global Pop & EDM Icons,Pop & EDM Artist Merchandise,Martin Garrix DJ Gear,https://www.songkick.com/festivals/countries/us,https://www.superprof.com.au/blog/wp-content/uploads/2018/09/hindi-films-dvd-movies.jpg
6,3,Global Pop & EDM Icons,Exclusive Music & Concert Experiences,VIP Tickets to Martin Garrix at Tomorrowland,https://reverb.com/item/49552425-sterling-by-music-man-ax20-rockstar-edition,https://www.superprof.com.au/blog/wp-content/uploads/2018/09/hindi-films-dvd-movies.jpg
6,3,Global Pop & EDM Icons,Exclusive Music & Concert Experiences,Private Streaming Concert with Carrie Underwood,https://www.shure.com/en-US/applications/live-performance,https://www.superprof.com.au/blog/wp-content/uploads/2018/09/hindi-films-dvd-movies.jpg
6,3,Global Pop & EDM Icons,Exclusive Music & Concert Experiences,Virtual DJ Lessons with Zedd,https://musiccritic.com/equipment/headphones/best-dj-headphones/,https://www.superprof.com.au/blog/wp-content/uploads/2018/09/hindi-films-dvd-movies.jpg
6,3,Global Pop & EDM Icons,Music & Fashion Collaborations,Calvin Harris x Armani Exchange Collection,https://shop.justinbiebermusic.com/products/justice-tour-hoodie,https://www.superprof.com.au/blog/wp-content/uploads/2018/09/hindi-films-dvd-movies.jpg
6,3,Global Pop & EDM Icons,Music & Fashion Collaborations,TAG Heuer x Pop Star Edition Watches,https://shop.eminem.com/collections/top-vinyl,https://www.superprof.com.au/blog/wp-content/uploads/2018/09/hindi-films-dvd-movies.jpg
6,3,Global Pop & EDM Icons,Music & Fashion Collaborations,STMPD RCRDS Fashion Line,https://shop.eminem.com/collections/top-vinyl,https://www.superprof.com.au/blog/wp-content/uploads/2018/09/hindi-films-dvd-movies.jpg
6,4,Pop & Hip-Hop Stars in Entertainment,Pop & Hip-Hop Star Merchandise,Nicki Minaj Signature Apparel,https://www.amazon.com/King-Shahrukh-Bollywood-English-Subtitles/dp/B004F0LEMO,https://www.superprof.com.au/blog/wp-content/uploads/2018/09/hindi-films-dvd-movies.jpg
6,4,Pop & Hip-Hop Stars in Entertainment,Pop & Hip-Hop Star Merchandise,Eminem Collector?s Vinyl,https://www.amazon.com/Movies-Bollywood-Blu-ray/s?rh=n%3A2901954011%2Cp_n_theme_browse-bin%3A7661505011,https://www.superprof.com.au/blog/wp-content/uploads/2018/09/hindi-films-dvd-movies.jpg
6,4,Pop & Hip-Hop Stars in Entertainment,Pop & Hip-Hop Star Merchandise,Chris Brown Streetwear Collection,https://www.cricketvideo.com/index.php?cPath=22,https://www.superprof.com.au/blog/wp-content/uploads/2018/09/hindi-films-dvd-movies.jpg
6,4,Pop & Hip-Hop Stars in Entertainment,Exclusive Music & Concert Experiences,VIP Meet-and-Greet with Fifth Harmony,https://www.premiertickets.co/event/bollywood-trivia-night-at-tamasha/,https://www.superprof.com.au/blog/wp-content/uploads/2018/09/hindi-films-dvd-movies.jpg
6,4,Pop & Hip-Hop Stars in Entertainment,Exclusive Music & Concert Experiences,Lindsay Lohan Movie Premiere Access,https://www.ticketmaster.co.uk/arijit-singh-tickets/artist/2006598,https://www.superprof.com.au/blog/wp-content/uploads/2018/09/hindi-films-dvd-movies.jpg
6,4,Pop & Hip-Hop Stars in Entertainment,Exclusive Music & Concert Experiences,Private Album Listening Party with Akon,https://www.seatunique.com/sport-tickets/cricket,https://www.superprof.com.au/blog/wp-content/uploads/2018/09/hindi-films-dvd-movies.jpg
6,4,Pop & Hip-Hop Stars in Entertainment,Pop & Hip-Hop Lifestyle Brands,Alicia Keys Soulcare Skincare Collection,https://www.prodirectsport.com/cricket/l/adults/departments-protection/activity-cricket/type-gloves/bestfor-batting/,https://www.superprof.com.au/blog/wp-content/uploads/2018/09/hindi-films-dvd-movies.jpg
6,4,Pop & Hip-Hop Stars in Entertainment,Pop & Hip-Hop Lifestyle Brands,Kardashian-Jenner Beauty Line,https://www.amazon.com/Cricket-Bats/b?node=3403051,https://www.superprof.com.au/blog/wp-content/uploads/2018/09/hindi-films-dvd-movies.jpg
6,4,Pop & Hip-Hop Stars in Entertainment,Pop & Hip-Hop Lifestyle Brands,Lil Wayne x Bape Collab,https://cricketdirect.co.uk/collections/batting-pads,https://www.superprof.com.au/blog/wp-content/uploads/2018/09/hindi-films-dvd-movies.jpg
6,5,Hollywood & Political Icons in Entertainment,Hollywood Actress Merchandise,Jennifer Aniston Beauty Line,https://www.brunomars.com/tour,https://www.superprof.com.au/blog/wp-content/uploads/2018/09/hindi-films-dvd-movies.jpg
6,5,Hollywood & Political Icons in Entertainment,Hollywood Actress Merchandise,Charlize Theron Empowerment Apparel,https://www.ticketmaster.com/eminem-tickets/artist/722998?msockid=297aa8aeecfe680f1fe3bcd6ed986912,https://www.superprof.com.au/blog/wp-content/uploads/2018/09/hindi-films-dvd-movies.jpg
6,5,Hollywood & Political Icons in Entertainment,Hollywood Actress Merchandise,Jessica Chastain Film Memorabilia,https://www.songkick.com/festivals/countries/us,https://www.superprof.com.au/blog/wp-content/uploads/2018/09/hindi-films-dvd-movies.jpg
6,5,Hollywood & Political Icons in Entertainment,Political Leaders & Cultural Commentary,Steve Harvey's Motivational Books,https://reverb.com/item/49552425-sterling-by-music-man-ax20-rockstar-edition,https://www.superprof.com.au/blog/wp-content/uploads/2018/09/hindi-films-dvd-movies.jpg
6,5,Hollywood & Political Icons in Entertainment,Political Leaders & Cultural Commentary,Barack Obama Documentary Collection,https://www.shure.com/en-US/applications/live-performance,https://www.superprof.com.au/blog/wp-content/uploads/2018/09/hindi-films-dvd-movies.jpg
6,5,Hollywood & Political Icons in Entertainment,Political Leaders & Cultural Commentary,Sarah Silverman Political Comedy Specials,https://musiccritic.com/equipment/headphones/best-dj-headphones/,https://www.superprof.com.au/blog/wp-content/uploads/2018/09/hindi-films-dvd-movies.jpg
6,5,Hollywood & Political Icons in Entertainment,Cultural & Political Experiences,VIP Family Feud Experience,https://shop.justinbiebermusic.com/products/justice-tour-hoodie,https://www.superprof.com.au/blog/wp-content/uploads/2018/09/hindi-films-dvd-movies.jpg
6,5,Hollywood & Political Icons in Entertainment,Cultural & Political Experiences,Hollywood Meets Politics Speaking Tour,https://shop.eminem.com/collections/top-vinyl,https://www.superprof.com.au/blog/wp-content/uploads/2018/09/hindi-films-dvd-movies.jpg
6,5,Hollywood & Political Icons in Entertainment,Cultural & Political Experiences,Presidential Museum Tours,https://postermemorabilia.com/collections/music,https://www.superprof.com.au/blog/wp-content/uploads/2018/09/hindi-films-dvd-movies.jpg
6,6,"Pop Culture Icons: Kardashian, Music & Fashion",Kardashian-Jenner Fashion & Beauty,Kylie Jenner Lip Kits,https://www.nike.com/w/cristiano-ronaldo-69np1?msockid=297aa8aeecfe680f1fe3bcd6ed986912,https://www.superprof.com.au/blog/wp-content/uploads/2018/09/hindi-films-dvd-movies.jpg
6,6,"Pop Culture Icons: Kardashian, Music & Fashion",Kardashian-Jenner Fashion & Beauty,Kim Kardashian Skims Collection,https://us.puma.com/us/en/sport/soccer/neymar-jr-collection?msockid=297aa8aeecfe680f1fe3bcd6ed986912,https://www.superprof.com.au/blog/wp-content/uploads/2018/09/hindi-films-dvd-movies.jpg
6,6,"Pop Culture Icons: Kardashian, Music & Fashion",Kardashian-Jenner Fashion & Beauty,Kendall Jenner?s Model-Inspired Fashion,https://www.adidas.com/us/lionel_messi-jerseys?msockid=297aa8aeecfe680f1fe3bcd6ed986912,https://www.superprof.com.au/blog/wp-content/uploads/2018/09/hindi-films-dvd-movies.jpg
6,6,"Pop Culture Icons: Kardashian, Music & Fashion",Pop Music Merchandise,Britney Spears Iconic Merch,https://www.prodirectsport.com/soccer/c/ronaldo/,https://www.superprof.com.au/blog/wp-content/uploads/2018/09/hindi-films-dvd-movies.jpg
6,6,"Pop Culture Icons: Kardashian, Music & Fashion",Pop Music Merchandise,Lady Gaga Concert Experience,https://shop.wimbledon.com/equipment/tennis/rackets,https://www.superprof.com.au/blog/wp-content/uploads/2018/09/hindi-films-dvd-movies.jpg
6,6,"Pop Culture Icons: Kardashian, Music & Fashion",Pop Music Merchandise,Zendaya Music & Movie Combo Box Set,https://www.bing.com/search?q=Neymar+Jr.+Goalkeeper+Gloves%3A+Limited+Editionandcvid=c879f0f4a3844ce084ee5be43e5b6f21andgs_lcrp=EgZjaHJvbWUyBggAEEUYOdIBBzI1OWowajmoAgiwAgEandFORM=ANAB01andPC=U531,https://www.superprof.com.au/blog/wp-content/uploads/2018/09/hindi-films-dvd-movies.jpg
6,6,"Pop Culture Icons: Kardashian, Music & Fashion",Celebrity Fashion & Lifestyle,Beyonc‚ Ivy Park Collection,https://www.ebay.com/b/Cristiano-Ronaldo-Autographed-Soccer-Balls/73414/bn_7112186796?msockid=297aa8aeecfe680f1fe3bcd6ed986912,https://www.superprof.com.au/blog/wp-content/uploads/2018/09/hindi-films-dvd-movies.jpg
6,6,"Pop Culture Icons: Kardashian, Music & Fashion",Celebrity Fashion & Lifestyle,Serena Williams x Nike Tennis Apparel,https://shop.wimbledon.com/accessories/souvenirs/trophies,https://www.superprof.com.au/blog/wp-content/uploads/2018/09/hindi-films-dvd-movies.jpg
6,6,"Pop Culture Icons: Kardashian, Music & Fashion",Celebrity Fashion & Lifestyle,Miley Cyrus Vintage Rock Apparel,https://www.icons.com/players/l-z/lionel-messi-signed-memorabilia.html,https://www.superprof.com.au/blog/wp-content/uploads/2018/09/hindi-films-dvd-movies.jpg
7,1,"World Sports: Football, Tennis & Racing",Football Star Merchandise,Cristiano Ronaldo Official Jerseys,https://www.amazon.com/s?k=Celebrity+Autobiographies+Tom+Hanksandcrid=2NQAONS7AOL47andsprefix=celebrity+autobiographies+tom+hanks%2Caps%2C338andref=nb_sb_noss,https://www.superprof.com.au/blog/wp-content/uploads/2018/09/hindi-films-dvd-movies.jpg
7,1,"World Sports: Football, Tennis & Racing",Football Star Merchandise,Neymar Football Boots,https://www.amazon.com/s?k=Lindsay+Lohan+Autobiographyandcrid=15XDAACWPPOJXandsprefix=lindsay+lohan+autobiography%2Caps%2C401andref=nb_sb_noss,https://www.superprof.com.au/blog/wp-content/uploads/2018/09/hindi-films-dvd-movies.jpg
7,1,"World Sports: Football, Tennis & Racing",Football Star Merchandise,Mesut ™zil Custom Training Gear,https://www.amazon.com/s?k=Celebrity+Autobiographies+The+George+Clooney+Storyandcrid=1C54FNKFT6TDMandsprefix=celebrity+autobiographies+the+george+clooney+story%2Caps%2C333andref=nb_sb_noss,https://www.superprof.com.au/blog/wp-content/uploads/2018/09/hindi-films-dvd-movies.jpg
7,1,"World Sports: Football, Tennis & Racing",Tennis Legend Equipment,Roger Federer Pro Tennis Racket,https://www.ebay.com/itm/356016832787?msockid=297aa8aeecfe680f1fe3bcd6ed986912,https://www.superprof.com.au/blog/wp-content/uploads/2018/09/hindi-films-dvd-movies.jpg
7,1,"World Sports: Football, Tennis & Racing",Tennis Legend Equipment,Rafael Nadal Performance Apparel,https://www.amazon.com/s?k=Hollywood+Memorabilia+Lindsay+Lohan+Exclusive+Movie+Merchandise+Setandcrid=3I7ERVXS52QWCandsprefix=celebrity+autobiographies+the+george+clooney+story%2Caps%2C315andref=nb_sb_noss,https://www.superprof.com.au/blog/wp-content/uploads/2018/09/hindi-films-dvd-movies.jpg
7,1,"World Sports: Football, Tennis & Racing",Tennis Legend Equipment,Novak Djokovic Grand Slam Collection,https://www.amazon.com/s?k=George+Clooney+Oscar+Collection%3A+Signed+Photos+%26+Collectiblesandcrid=20SXH68K7NUQXandsprefix=george+clooney+oscar+collection+signed+photos+%26+collectibles%2Caps%2C373andref=nb_sb_noss,https://www.superprof.com.au/blog/wp-content/uploads/2018/09/hindi-films-dvd-movies.jpg
7,1,"World Sports: Football, Tennis & Racing",Racing & Motorsports Gear,Lewis Hamilton F1 Racing Caps,https://www.amazon.com/s?k=Film+%26+TV+Series+DVDs+Tom+Hanks+Collectionandcrid=21CVDVF3Q1C3Handsprefix=film+%26+tv+series+dvds+tom+hanks+collection%2Caps%2C338andref=nb_sb_noss,https://www.superprof.com.au/blog/wp-content/uploads/2018/09/hindi-films-dvd-movies.jpg
7,1,"World Sports: Football, Tennis & Racing",Racing & Motorsports Gear,Mercedes F1 Team Apparel,https://www.amazon.com/s?k=Lindsay+Lohan+Teen+Movie+Collectionandcrid=1KOEWT7J2KF04andsprefix=film+%26+tv+series+dvds+tom+hanks+collection%2Caps%2C309andref=nb_sb_noss,https://www.superprof.com.au/blog/wp-content/uploads/2018/09/hindi-films-dvd-movies.jpg
7,1,"World Sports: Football, Tennis & Racing",Racing & Motorsports Gear,Custom Racing Simulators,https://www.amazon.com/s?k=George+Clooney+Box+Setandcrid=1C6FFH2M1FKN9andsprefix=george+clooney+box+set%2Caps%2C667andref=nb_sb_noss,https://www.superprof.com.au/blog/wp-content/uploads/2018/09/hindi-films-dvd-movies.jpg
7,2,"Pop, Rock & EDM Music",Pop & Rock Artist Merchandise,Carrie Underwood Tour Merch,https://www.teepublic.com/t-shirts/celebrity?msockid=297aa8aeecfe680f1fe3bcd6ed986912,https://www.superprof.com.au/blog/wp-content/uploads/2018/09/hindi-films-dvd-movies.jpg
7,2,"Pop, Rock & EDM Music",Pop & Rock Artist Merchandise,Coldplay Vinyl Collection,https://www.etsy.com/market/celebrity_mugs?msockid=297aa8aeecfe680f1fe3bcd6ed986912,https://www.superprof.com.au/blog/wp-content/uploads/2018/09/hindi-films-dvd-movies.jpg
7,2,"Pop, Rock & EDM Music",Pop & Rock Artist Merchandise,Nick Jonas Signature Guitar,https://www.iceposter.com/,https://www.superprof.com.au/blog/wp-content/uploads/2018/09/hindi-films-dvd-movies.jpg
7,2,"Pop, Rock & EDM Music",EDM DJ Gear & Music Experiences,Martin Garrix DJ Equipment,https://nymag.com/,https://www.superprof.com.au/blog/wp-content/uploads/2018/09/hindi-films-dvd-movies.jpg
7,2,"Pop, Rock & EDM Music",EDM DJ Gear & Music Experiences,Omnia Las Vegas VIP Packages,https://ew.com/,https://www.superprof.com.au/blog/wp-content/uploads/2018/09/hindi-films-dvd-movies.jpg
7,2,"Pop, Rock & EDM Music",EDM DJ Gear & Music Experiences,"The Weeknd?s ""After Hours"" Experience",https://www.magazines.com/people-magazine.html,https://www.superprof.com.au/blog/wp-content/uploads/2018/09/hindi-films-dvd-movies.jpg
7,2,"Pop, Rock & EDM Music",Folk & Acoustic Music Essentials,Yeng Constantino Acoustic Collection,https://www.ticketmaster.com/taylor-swift-tickets/artist/1094215?msockid=297aa8aeecfe680f1fe3bcd6ed986912,https://www.superprof.com.au/blog/wp-content/uploads/2018/09/hindi-films-dvd-movies.jpg
7,2,"Pop, Rock & EDM Music",Folk & Acoustic Music Essentials,Folk Music Vinyl Revival,https://www.ticketmaster.com/mtv-video-music-awards-billets/artist/986330?msockid=297aa8aeecfe680f1fe3bcd6ed986912,https://www.superprof.com.au/blog/wp-content/uploads/2018/09/hindi-films-dvd-movies.jpg
7,2,"Pop, Rock & EDM Music",Folk & Acoustic Music Essentials,Live Acoustic Concert Series,https://www.ticketmaster.com/discover/concerts?msockid=297aa8aeecfe680f1fe3bcd6ed986912,https://www.superprof.com.au/blog/wp-content/uploads/2018/09/hindi-films-dvd-movies.jpg
7,3,"Pop, Hip-Hop & R&B",Pop Star Merchandise,Taylor Swift Lover Collection,https://www.nike.com/w/cristiano-ronaldo-69np1?msockid=297aa8aeecfe680f1fe3bcd6ed986912,https://www.superprof.com.au/blog/wp-content/uploads/2018/09/hindi-films-dvd-movies.jpg
7,3,"Pop, Hip-Hop & R&B",Pop Star Merchandise,Justin Bieber Tour Merch,https://us.puma.com/us/en/sport/soccer/neymar-jr-collection?msockid=297aa8aeecfe680f1fe3bcd6ed986912,https://www.superprof.com.au/blog/wp-content/uploads/2018/09/hindi-films-dvd-movies.jpg
7,3,"Pop, Hip-Hop & R&B",Pop Star Merchandise,BLACKPINK Lightstick & Fan Gear,https://www.adidas.com/us/lionel_messi-jerseys?msockid=297aa8aeecfe680f1fe3bcd6ed986912,https://www.superprof.com.au/blog/wp-content/uploads/2018/09/hindi-films-dvd-movies.jpg
7,3,"Pop, Hip-Hop & R&B",Hip-Hop Artist Lifestyle Products,Eminem Limited-Edition Vinyl,https://www.prodirectsport.com/soccer/c/ronaldo/,https://www.superprof.com.au/blog/wp-content/uploads/2018/09/hindi-films-dvd-movies.jpg
7,3,"Pop, Hip-Hop & R&B",Hip-Hop Artist Lifestyle Products,Nicki Minaj Queen Collection,https://shop.wimbledon.com/equipment/tennis/rackets,https://www.superprof.com.au/blog/wp-content/uploads/2018/09/hindi-films-dvd-movies.jpg
7,3,"Pop, Hip-Hop & R&B",Hip-Hop Artist Lifestyle Products,Lil Wayne Skateboard Decks,https://www.bing.com/search?q=Neymar+Jr.+Goalkeeper+Gloves%3A+Limited+Editionandcvid=c879f0f4a3844ce084ee5be43e5b6f21andgs_lcrp=EgZjaHJvbWUyBggAEEUYOdIBBzI1OWowajmoAgiwAgEandFORM=ANAB01andPC=U531,https://www.superprof.com.au/blog/wp-content/uploads/2018/09/hindi-films-dvd-movies.jpg
7,3,"Pop, Hip-Hop & R&B",R&B Music Experiences,Alicia Keys Soulcare Bundle,https://www.ebay.com/b/Cristiano-Ronaldo-Autographed-Soccer-Balls/73414/bn_7112186796?msockid=297aa8aeecfe680f1fe3bcd6ed986912,https://www.superprof.com.au/blog/wp-content/uploads/2018/09/hindi-films-dvd-movies.jpg
7,3,"Pop, Hip-Hop & R&B",R&B Music Experiences,Mariah Carey Virtual Concert Experience,https://shop.wimbledon.com/accessories/souvenirs/trophies,https://www.superprof.com.au/blog/wp-content/uploads/2018/09/hindi-films-dvd-movies.jpg
7,3,"Pop, Hip-Hop & R&B",R&B Music Experiences,Chris Brown VIP Concert Passes,https://www.icons.com/players/l-z/lionel-messi-signed-memorabilia.html,https://www.superprof.com.au/blog/wp-content/uploads/2018/09/hindi-films-dvd-movies.jpg
7,4,Hollywood & TV Entertainment,Hollywood Star Merchandise,Charlize Theron Film Collection,https://www.kobo.com/ww/en/ebook/trump-the-art-of-the-deal,https://www.superprof.com.au/blog/wp-content/uploads/2018/09/hindi-films-dvd-movies.jpg
7,4,Hollywood & TV Entertainment,Hollywood Star Merchandise,Jessica Chastain Signature Apparel,https://link.springer.com/book/10.1007/978-3-030-83872-0,https://www.superprof.com.au/blog/wp-content/uploads/2018/09/hindi-films-dvd-movies.jpg
7,4,Hollywood & TV Entertainment,Hollywood Star Merchandise,Jennifer Aniston Friends Memorabilia,https://www.amazon.com/Americas-Deadliest-Election-Cautionary-American/dp/1335081070,https://www.superprof.com.au/blog/wp-content/uploads/2018/09/hindi-films-dvd-movies.jpg
7,4,Hollywood & TV Entertainment,TV Show Experiences & Merchandise,Conan O'Brien Late Night Show Tickets,https://www.amazon.com/s?k=Documentaries+The+Trump+Era%3A+Documenting+a+Presidencyandcrid=1RJ2DT0B6DYINandsprefix=documentaries+the+trump+era+documenting+a+presidency%2Caps%2C509andref=nb_sb_noss,https://www.superprof.com.au/blog/wp-content/uploads/2018/09/hindi-films-dvd-movies.jpg
7,4,Hollywood & TV Entertainment,TV Show Experiences & Merchandise,Sarah Silverman Comedy Special,https://www.amazon.com/Choice-2020-Trump-vs-Biden/dp/B0CV6QCFF8/ref=sr_1_1?crid=1X35XABITHW7Kanddib=eyJ2IjoiMSJ9.f0LqAf3gZc5FawNX9wYYsS5bQjK0FhtxL65FmXDaHVTewjHU3DQcuLnhaX9gahTOiWwCevaAH1ZvvVpBtghipE3wjoGR68XTjDVRVfAjKYZebtBatXBfxd4PanY1pb-Ls6ahUkpZB34JKtU5GZLtiFU8cHSzgpYWhWpj70gdlOiBqEDLrtUrsvOSUq0lCKU-oobooZS_7sdcgbAETHx2OX_yQH21S5Bar95iqDq3H8U.DVkGeDiM6COn1cHDl_7QAUUK7HM4u1rpx83rsiPMyZganddib_tag=seandkeywords=Documentaries+Election+2020%3A+Biden+vs+Trump+%E2%80%93+The+Showdownandqid=1726598167andsprefix=documentaries+election+2020+biden+vs+trump+the+showdown%2Caps%2C316andsr=8-1,https://www.superprof.com.au/blog/wp-content/uploads/2018/09/hindi-films-dvd-movies.jpg
7,4,Hollywood & TV Entertainment,TV Show Experiences & Merchandise,Phillip Schofield Autobiography Bundle,https://www.amazon.com/s?k=Documentaries+America%27s+Political+Landscapeandcrid=1BSWDNSOWHB8Xandsprefix=documentaries+america%27s+political+landscape%2Caps%2C319andref=nb_sb_noss,https://www.superprof.com.au/blog/wp-content/uploads/2018/09/hindi-films-dvd-movies.jpg
7,4,Hollywood & TV Entertainment,Celebrity Lifestyle & Fan Engagement,Jennifer Lawrence Beauty Collection,https://www.ebay.com/itm/132387886244?msockid=297aa8aeecfe680f1fe3bcd6ed986912,https://www.superprof.com.au/blog/wp-content/uploads/2018/09/hindi-films-dvd-movies.jpg
7,4,Hollywood & TV Entertainment,Celebrity Lifestyle & Fan Engagement,Hollywood Celebrity Meet & Greet Events,https://www.amazon.com/United-States-America-President-Challenge/dp/B08PJF8XF5,https://www.superprof.com.au/blog/wp-content/uploads/2018/09/hindi-films-dvd-movies.jpg
7,4,Hollywood & TV Entertainment,Celebrity Lifestyle & Fan Engagement,Film & TV Star Podcast Subscriptions,https://www.amazon.com/s?k=Historic+US+Election+Buttons%3A+A+Political+Memorabilia+Setandcrid=2BA4Q95NKLIGYandsprefix=historic+us+election+buttons+a+political+memorabilia+set%2Caps%2C317andref=nb_sb_noss,https://www.superprof.com.au/blog/wp-content/uploads/2018/09/hindi-films-dvd-movies.jpg
7,5,The Kardashian-Jenner Lifestyle & Beyond,Kardashian-Jenner Fashion & Beauty,Kylie Cosmetics Lip Kits,https://www.brunomars.com/tour,https://www.superprof.com.au/blog/wp-content/uploads/2018/09/hindi-films-dvd-movies.jpg
7,5,The Kardashian-Jenner Lifestyle & Beyond,Kardashian-Jenner Fashion & Beauty,Kim Kardashian Skims Shapewear,https://www.ticketmaster.com/eminem-tickets/artist/722998?msockid=297aa8aeecfe680f1fe3bcd6ed986912,https://www.superprof.com.au/blog/wp-content/uploads/2018/09/hindi-films-dvd-movies.jpg
7,5,The Kardashian-Jenner Lifestyle & Beyond,Kardashian-Jenner Fashion & Beauty,Kendall Jenner Runway Collection,https://www.songkick.com/festivals/countries/us,https://www.superprof.com.au/blog/wp-content/uploads/2018/09/hindi-films-dvd-movies.jpg
7,5,The Kardashian-Jenner Lifestyle & Beyond,Celebrity Lifestyle Products,Khlo‚ Kardashian?s Good American Jeans,https://reverb.com/item/49552425-sterling-by-music-man-ax20-rockstar-edition,https://www.superprof.com.au/blog/wp-content/uploads/2018/09/hindi-films-dvd-movies.jpg
7,5,The Kardashian-Jenner Lifestyle & Beyond,Celebrity Lifestyle Products,Kourtney Kardashian?s Poosh Wellness Kits,https://www.shure.com/en-US/applications/live-performance,https://www.superprof.com.au/blog/wp-content/uploads/2018/09/hindi-films-dvd-movies.jpg
7,5,The Kardashian-Jenner Lifestyle & Beyond,Celebrity Lifestyle Products,Travis Scott x Kylie Jenner Collection,https://musiccritic.com/equipment/headphones/best-dj-headphones/,https://www.superprof.com.au/blog/wp-content/uploads/2018/09/hindi-films-dvd-movies.jpg
7,5,The Kardashian-Jenner Lifestyle & Beyond,Celebrity Collaborations & Beyond,Serena Williams x Nike Sportswear,https://shop.justinbiebermusic.com/products/justice-tour-hoodie,https://www.superprof.com.au/blog/wp-content/uploads/2018/09/hindi-films-dvd-movies.jpg
7,5,The Kardashian-Jenner Lifestyle & Beyond,Celebrity Collaborations & Beyond,Britney Spears Fantasy Perfume Collection,https://shop.eminem.com/collections/top-vinyl,https://www.superprof.com.au/blog/wp-content/uploads/2018/09/hindi-films-dvd-movies.jpg
7,5,The Kardashian-Jenner Lifestyle & Beyond,Celebrity Collaborations & Beyond,Miley Cyrus x Converse Sneakers,https://postermemorabilia.com/collections/music,https://www.superprof.com.au/blog/wp-content/uploads/2018/09/hindi-films-dvd-movies.jpg
7,6,NBA & WWE & Entertainment Icons,Sports Apparel and Merchandise,LeBron James Lakers Jersey,https://www.amazon.com/King-Shahrukh-Bollywood-English-Subtitles/dp/B004F0LEMO,https://www.superprof.com.au/blog/wp-content/uploads/2018/09/hindi-films-dvd-movies.jpg
7,6,NBA & WWE & Entertainment Icons,Sports Apparel and Merchandise,WWE Championship Belt Replica,https://www.amazon.com/Movies-Bollywood-Blu-ray/s?rh=n%3A2901954011%2Cp_n_theme_browse-bin%3A7661505011,https://www.superprof.com.au/blog/wp-content/uploads/2018/09/hindi-films-dvd-movies.jpg
7,6,NBA & WWE & Entertainment Icons,Sports Apparel and Merchandise,"Kobe Bryant ""Mamba Forever"" Hoodie",https://www.cricketvideo.com/index.php?cPath=22,https://www.superprof.com.au/blog/wp-content/uploads/2018/09/hindi-films-dvd-movies.jpg
7,6,NBA & WWE & Entertainment Icons,Sports and Entertainment Collectibles,LeBron James Funko Pop! Figure,https://www.amazon.com/s?k=Bollywoodb+Hits+Albumandcrid=WZJTF5OS79ZOandsprefix=bollywoodb+hits+album%2Caps%2C339andref=nb_sb_noss,https://www.superprof.com.au/blog/wp-content/uploads/2018/09/hindi-films-dvd-movies.jpg
7,6,NBA & WWE & Entertainment Icons,Sports and Entertainment Collectibles,WWE Action Figures,https://www.amazon.com/s?k=India+Cricket+Anthems%3A+Songsandcrid=1XJFQXEQRT4DCandsprefix=india+cricket+anthems+songs%2Caps%2C324andref=nb_sb_noss,https://www.superprof.com.au/blog/wp-content/uploads/2018/09/hindi-films-dvd-movies.jpg
7,6,NBA & WWE & Entertainment Icons,Sports and Entertainment Collectibles,NBA Signed Basketballs,https://www.amazon.com/s?k=Bollywood+Melodiesandcrid=1B49H77BM1CKUandsprefix=bollywood+melodies%2Caps%2C332andref=nb_sb_noss_2,https://www.superprof.com.au/blog/wp-content/uploads/2018/09/hindi-films-dvd-movies.jpg
7,6,NBA & WWE & Entertainment Icons,Video Games and Streaming,NBA 2K24,https://www.premiertickets.co/event/bollywood-trivia-night-at-tamasha/,https://www.superprof.com.au/blog/wp-content/uploads/2018/09/hindi-films-dvd-movies.jpg
7,6,NBA & WWE & Entertainment Icons,Video Games and Streaming,WWE 2K24,https://www.ticketmaster.co.uk/arijit-singh-tickets/artist/2006598,https://www.superprof.com.au/blog/wp-content/uploads/2018/09/hindi-films-dvd-movies.jpg
7,6,NBA & WWE & Entertainment Icons,Video Games and Streaming,WWE Network Subscription,https://www.seatunique.com/sport-tickets/cricket,https://www.superprof.com.au/blog/wp-content/uploads/2018/09/hindi-films-dvd-movies.jpg
7,7,Bollywood & Cricket,Bollywood DVDs and Blu-rays,Shah Rukh Khan and Salman Khan Films,https://www.ticketmaster.com/maroon-5-tickets/artist/824144?msockid=297aa8aeecfe680f1fe3bcd6ed986912,https://www.superprof.com.au/blog/wp-content/uploads/2018/09/hindi-films-dvd-movies.jpg
7,7,Bollywood & Cricket,Bollywood DVDs and Blu-rays,Blockbuster Bollywood: Top 10 Movies Collection,https://www.globalcitizen.org/en/festival/nyc/2024/,https://www.superprof.com.au/blog/wp-content/uploads/2018/09/hindi-films-dvd-movies.jpg
7,7,Bollywood & Cricket,Bollywood DVDs and Blu-rays,Cricket and Cinema: Bollywood Films About India?s Favorite Sport,https://www.songkick.com/artists/,https://www.superprof.com.au/blog/wp-content/uploads/2018/09/hindi-films-dvd-movies.jpg
7,7,Bollywood & Cricket,Event Tickets,Bollywood Movie Premiere Night Experience,https://www.teepublic.com/t-shirts/adam-levine?msockid=297aa8aeecfe680f1fe3bcd6ed986912,https://www.superprof.com.au/blog/wp-content/uploads/2018/09/hindi-films-dvd-movies.jpg
7,7,Bollywood & Cricket,Event Tickets,Live in Concert: Bollywood Stars Tour,https://iconic.collectionzz.com/,https://www.superprof.com.au/blog/wp-content/uploads/2018/09/hindi-films-dvd-movies.jpg
7,7,Bollywood & Cricket,Event Tickets,Cricket World Cup Final: VIP Seats,https://www.yesstyle.com/en/kpop-outfits?msockid=297aa8aeecfe680f1fe3bcd6ed986912,https://www.superprof.com.au/blog/wp-content/uploads/2018/09/hindi-films-dvd-movies.jpg
7,7,Bollywood & Cricket,Cricket Gear,Cricket Batting Gloves,https://www.hospitalitycentre.co.uk/concerts/,https://www.superprof.com.au/blog/wp-content/uploads/2018/09/hindi-films-dvd-movies.jpg
7,7,Bollywood & Cricket,Cricket Gear,Cricket Bat,https://www.bandsintown.com/a/123358-adam-levine,https://www.superprof.com.au/blog/wp-content/uploads/2018/09/hindi-films-dvd-movies.jpg
7,7,Bollywood & Cricket,Cricket Gear,Cricket Leg Pads,https://bookseats.com/festival-travel-packages,https://www.superprof.com.au/blog/wp-content/uploads/2018/09/hindi-films-dvd-movies.jpg
8,1,Pop & Hip-Hop,Pop Star Merchandise,Justin Bieber Exclusive Tour Merchandise,https://www.amazon.com/King-Shahrukh-Bollywood-English-Subtitles/dp/B004F0LEMO,https://www.superprof.com.au/blog/wp-content/uploads/2018/09/hindi-films-dvd-movies.jpg
8,1,Pop & Hip-Hop,Pop Star Merchandise,Aaliyah Legacy Collection,https://www.amazon.com/Movies-Bollywood-Blu-ray/s?rh=n%3A2901954011%2Cp_n_theme_browse-bin%3A7661505011,https://www.superprof.com.au/blog/wp-content/uploads/2018/09/hindi-films-dvd-movies.jpg
8,1,Pop & Hip-Hop,Pop Star Merchandise,Zayn Malik Autographed Albums,https://www.cricketvideo.com/index.php?cPath=22,https://www.superprof.com.au/blog/wp-content/uploads/2018/09/hindi-films-dvd-movies.jpg
8,1,Pop & Hip-Hop,Hip-Hop & Rap Artist Gear,Eminem Slim Shady Collector?s Vinyl,https://www.premiertickets.co/event/bollywood-trivia-night-at-tamasha/,https://www.superprof.com.au/blog/wp-content/uploads/2018/09/hindi-films-dvd-movies.jpg
8,1,Pop & Hip-Hop,Hip-Hop & Rap Artist Gear,Lil Wayne Skateboard & Streetwear Collection,https://www.ticketmaster.co.uk/arijit-singh-tickets/artist/2006598,https://www.superprof.com.au/blog/wp-content/uploads/2018/09/hindi-films-dvd-movies.jpg
8,1,Pop & Hip-Hop,Hip-Hop & Rap Artist Gear,Nicki Minaj Queen Makeup Line,https://www.seatunique.com/sport-tickets/cricket,https://www.superprof.com.au/blog/wp-content/uploads/2018/09/hindi-films-dvd-movies.jpg
8,1,Pop & Hip-Hop,Concert & Music Experiences,Akon VIP Concert Experience,https://www.prodirectsport.com/cricket/l/adults/departments-protection/activity-cricket/type-gloves/bestfor-batting/,https://www.superprof.com.au/blog/wp-content/uploads/2018/09/hindi-films-dvd-movies.jpg
8,1,Pop & Hip-Hop,Concert & Music Experiences,Chris Brown Dance Masterclass,https://www.amazon.com/Cricket-Bats/b?node=3403051,https://www.superprof.com.au/blog/wp-content/uploads/2018/09/hindi-films-dvd-movies.jpg
8,1,Pop & Hip-Hop,Concert & Music Experiences,Kanye West Listening Party,https://cricketdirect.co.uk/collections/batting-pads,https://www.superprof.com.au/blog/wp-content/uploads/2018/09/hindi-films-dvd-movies.jpg
8,2,Celebrities & Entertainment Icons,Celebrity Merchandise,Snooki Clothing & Accessories,https://www.ticketmaster.com/taylor-swift-tickets/artist/1094215?msockid=297aa8aeecfe680f1fe3bcd6ed986912,https://www.superprof.com.au/blog/wp-content/uploads/2018/09/hindi-films-dvd-movies.jpg
8,2,Celebrities & Entertainment Icons,Celebrity Merchandise,John Lennon Memorabilia,https://www.ticketmaster.com/mtv-video-music-awards-billets/artist/986330?msockid=297aa8aeecfe680f1fe3bcd6ed986912,https://www.superprof.com.au/blog/wp-content/uploads/2018/09/hindi-films-dvd-movies.jpg
8,2,Celebrities & Entertainment Icons,Celebrity Merchandise,Leonardo DiCaprio Movie Posters,https://www.ticketmaster.com/discover/concerts?msockid=297aa8aeecfe680f1fe3bcd6ed986912,https://www.superprof.com.au/blog/wp-content/uploads/2018/09/hindi-films-dvd-movies.jpg
8,2,Celebrities & Entertainment Icons,Live Show & Tour Experiences,Ricky Gervais Live Comedy Tickets,https://reverb.com/item/49552425-sterling-by-music-man-ax20-rockstar-edition,https://www.superprof.com.au/blog/wp-content/uploads/2018/09/hindi-films-dvd-movies.jpg
8,2,Celebrities & Entertainment Icons,Live Show & Tour Experiences,Greyson Chance World Tour,https://www.shure.com/en-US/applications/live-performance,https://www.superprof.com.au/blog/wp-content/uploads/2018/09/hindi-films-dvd-movies.jpg
8,2,Celebrities & Entertainment Icons,Live Show & Tour Experiences,Leonardo DiCaprio Environmental Tour,https://musiccritic.com/equipment/headphones/best-dj-headphones/,https://www.superprof.com.au/blog/wp-content/uploads/2018/09/hindi-films-dvd-movies.jpg
8,2,Celebrities & Entertainment Icons,Entertainment Collectibles,The Beatles Vinyl Collection,https://shop.justinbiebermusic.com/products/justice-tour-hoodie,https://www.superprof.com.au/blog/wp-content/uploads/2018/09/hindi-films-dvd-movies.jpg
8,2,Celebrities & Entertainment Icons,Entertainment Collectibles,Paul McCartney Signature Bass Guitar,https://shop.eminem.com/collections/top-vinyl,https://www.superprof.com.au/blog/wp-content/uploads/2018/09/hindi-films-dvd-movies.jpg
8,2,Celebrities & Entertainment Icons,Entertainment Collectibles,Jersey Shore Box Set,https://postermemorabilia.com/collections/music,https://www.superprof.com.au/blog/wp-content/uploads/2018/09/hindi-films-dvd-movies.jpg
8,3,"Football, Tennis & MMA",Football Superstar Gear,Cristiano Ronaldo Signature Boots,https://www.criterion.com/shop/collection/79-oscar-winners,https://www.superprof.com.au/blog/wp-content/uploads/2018/09/hindi-films-dvd-movies.jpg
8,3,"Football, Tennis & MMA",Football Superstar Gear,Neymar Jr. Official Jersey Collection,https://www.amazon.co.uk/DVD-Blu-ray-Jennifer-Aniston/s?rh=n%3A283926%2Cp_lbr_actors_browse-bin%3AJennifer+Aniston,https://www.superprof.com.au/blog/wp-content/uploads/2018/09/hindi-films-dvd-movies.jpg
8,3,"Football, Tennis & MMA",Football Superstar Gear,Manchester United Fan Kit,https://www.amazon.com/Late-Night-Conan-OBrien-Anniversary/dp/B000LC3IF6,https://www.superprof.com.au/blog/wp-content/uploads/2018/09/hindi-films-dvd-movies.jpg
8,3,"Football, Tennis & MMA",Tennis Champion Equipment,Roger Federer Grand Slam Tennis Racket,https://wbshop.com/collections/friends,https://www.superprof.com.au/blog/wp-content/uploads/2018/09/hindi-films-dvd-movies.jpg
8,3,"Football, Tennis & MMA",Tennis Champion Equipment,Rafael Nadal Tennis Apparel Line,https://store.steveharvey.com/collections/mugs,https://www.superprof.com.au/blog/wp-content/uploads/2018/09/hindi-films-dvd-movies.jpg
8,3,"Football, Tennis & MMA",Tennis Champion Equipment,Novak Djokovic Wimbledon Commemorative Gear,https://postermemorabilia.com/,https://www.superprof.com.au/blog/wp-content/uploads/2018/09/hindi-films-dvd-movies.jpg
8,3,"Football, Tennis & MMA",MMA Fighter Essentials,UFC Fight Gloves,https://www.amazon.com/s?k=Behind+the+Scenes+of+Hollywood%3A+From+Actor+to+Iconandi=stripbooks-intl-shipandcrid=MQW2OIFAGGNIandsprefix=behind+the+scenes+of+hollywood+from+actor+to+icon%2Cstripbooks-intl-ship%2C347andref=nb_sb_noss,https://www.superprof.com.au/blog/wp-content/uploads/2018/09/hindi-films-dvd-movies.jpg
8,3,"Football, Tennis & MMA",MMA Fighter Essentials,Mike Tyson Boxing Training Bundle,https://www.amazon.com/s?k=The+Ultimate+TV+Show+Guide%3A+From+Sitcoms+to+Dramasandi=stripbooks-intl-shipandcrid=2TO03EHJEW8IJandsprefix=the+ultimate+tv+show+guide+from+sitcoms+to+dramas%2Cstripbooks-intl-ship%2C310andref=nb_sb_noss,https://www.superprof.com.au/blog/wp-content/uploads/2018/09/hindi-films-dvd-movies.jpg
8,3,"Football, Tennis & MMA",MMA Fighter Essentials,MMA Performance Training Wear,https://www.esquire.com/entertainment/books/g39111994/best-books-about-hollywood/,https://www.superprof.com.au/blog/wp-content/uploads/2018/09/hindi-films-dvd-movies.jpg
8,4,Pop Music & Entertainment,Pop Star Merchandise,Taylor Swift Lover Tour Merch,https://us.puma.com/us/en/sport/soccer/neymar-jr-collection?msockid=297aa8aeecfe680f1fe3bcd6ed986912,https://www.superprof.com.au/blog/wp-content/uploads/2018/09/hindi-films-dvd-movies.jpg
8,4,Pop Music & Entertainment,Pop Star Merchandise,BLACKPINK Official Lightstick,https://www.adidas.com/us/lionel_messi-jerseys?msockid=297aa8aeecfe680f1fe3bcd6ed986912,https://www.superprof.com.au/blog/wp-content/uploads/2018/09/hindi-films-dvd-movies.jpg
8,4,Pop Music & Entertainment,Pop Star Merchandise,Harry Styles Fine Line Vinyl,https://www.adidas.com/us/lionel_messi-jerseys?msockid=297aa8aeecfe680f1fe3bcd6ed986912,https://www.superprof.com.au/blog/wp-content/uploads/2018/09/hindi-films-dvd-movies.jpg
8,4,Pop Music & Entertainment,Concert & Music Experiences,VIP Fifth Harmony Reunion Concert Tickets,https://www.prodirectsport.com/soccer/c/ronaldo/,https://www.superprof.com.au/blog/wp-content/uploads/2018/09/hindi-films-dvd-movies.jpg
8,4,Pop Music & Entertainment,Concert & Music Experiences,Carrie Underwood Virtual Concert Experience,https://shop.wimbledon.com/equipment/tennis/rackets,https://www.superprof.com.au/blog/wp-content/uploads/2018/09/hindi-films-dvd-movies.jpg
8,4,Pop Music & Entertainment,Concert & Music Experiences,Martin Garrix DJ Masterclass,https://www.bing.com/search?q=Neymar+Jr.+Goalkeeper+Gloves%3A+Limited+Editionandcvid=c879f0f4a3844ce084ee5be43e5b6f21andgs_lcrp=EgZjaHJvbWUyBggAEEUYOdIBBzI1OWowajmoAgiwAgEandFORM=ANAB01andPC=U531,https://www.superprof.com.au/blog/wp-content/uploads/2018/09/hindi-films-dvd-movies.jpg
8,4,Pop Music & Entertainment,Pop Icon Collectibles,Lindsay Lohan Movie Memorabilia,https://www.ebay.com/b/Cristiano-Ronaldo-Autographed-Soccer-Balls/73414/bn_7112186796?msockid=297aa8aeecfe680f1fe3bcd6ed986912,https://www.superprof.com.au/blog/wp-content/uploads/2018/09/hindi-films-dvd-movies.jpg
8,4,Pop Music & Entertainment,Pop Icon Collectibles,Mariah Carey Holiday Album Collection,https://shop.wimbledon.com/accessories/souvenirs/trophies,https://www.superprof.com.au/blog/wp-content/uploads/2018/09/hindi-films-dvd-movies.jpg
8,4,Pop Music & Entertainment,Pop Icon Collectibles,Paul McCartney Autographed Guitar,https://www.icons.com/players/l-z/lionel-messi-signed-memorabilia.html,https://www.superprof.com.au/blog/wp-content/uploads/2018/09/hindi-films-dvd-movies.jpg
8,5,"Pop Culture Icons: Kardashian, Music & Fashion",Kardashian-Jenner Fashion & Beauty,Kylie Jenner Lip Kits,https://www.ticketmaster.com/maroon-5-tickets/artist/824144?msockid=297aa8aeecfe680f1fe3bcd6ed986912,https://www.superprof.com.au/blog/wp-content/uploads/2018/09/hindi-films-dvd-movies.jpg
8,5,"Pop Culture Icons: Kardashian, Music & Fashion",Kardashian-Jenner Fashion & Beauty,Kim Kardashian Skims Collection,https://www.globalcitizen.org/en/festival/nyc/2024/,https://www.superprof.com.au/blog/wp-content/uploads/2018/09/hindi-films-dvd-movies.jpg
8,5,"Pop Culture Icons: Kardashian, Music & Fashion",Kardashian-Jenner Fashion & Beauty,Kendall Jenner?s Model-Inspired Fashion,https://www.songkick.com/artists/,https://www.superprof.com.au/blog/wp-content/uploads/2018/09/hindi-films-dvd-movies.jpg
8,5,"Pop Culture Icons: Kardashian, Music & Fashion",Pop Music Merchandise,Britney Spears Iconic Merch,https://www.teepublic.com/t-shirts/adam-levine?msockid=297aa8aeecfe680f1fe3bcd6ed986912,https://www.superprof.com.au/blog/wp-content/uploads/2018/09/hindi-films-dvd-movies.jpg
8,5,"Pop Culture Icons: Kardashian, Music & Fashion",Pop Music Merchandise,Lady Gaga Concert Experience,https://iconic.collectionzz.com/,https://www.superprof.com.au/blog/wp-content/uploads/2018/09/hindi-films-dvd-movies.jpg
8,5,"Pop Culture Icons: Kardashian, Music & Fashion",Pop Music Merchandise,Zendaya Music & Movie Combo Box Set,https://www.yesstyle.com/en/kpop-outfits?msockid=297aa8aeecfe680f1fe3bcd6ed986912,https://www.superprof.com.au/blog/wp-content/uploads/2018/09/hindi-films-dvd-movies.jpg
8,5,"Pop Culture Icons: Kardashian, Music & Fashion",Celebrity Fashion & Lifestyle,Beyonc‚ Ivy Park Collection,https://www.hospitalitycentre.co.uk/concerts/,https://www.superprof.com.au/blog/wp-content/uploads/2018/09/hindi-films-dvd-movies.jpg
8,5,"Pop Culture Icons: Kardashian, Music & Fashion",Celebrity Fashion & Lifestyle,Serena Williams x Nike Tennis Apparel,https://www.bandsintown.com/a/123358-adam-levine,https://www.superprof.com.au/blog/wp-content/uploads/2018/09/hindi-films-dvd-movies.jpg
8,5,"Pop Culture Icons: Kardashian, Music & Fashion",Celebrity Fashion & Lifestyle,Miley Cyrus Vintage Rock Apparel,https://bookseats.com/festival-travel-packages,https://www.superprof.com.au/blog/wp-content/uploads/2018/09/hindi-films-dvd-movies.jpg
8,6,"NBA, WWE & Celebrity TV Hosts",NBA Superstar Merchandise,LeBron James Official Jerseys,https://docs.streamlit.io/develop/api-reference/execution-flow/st.form,https://www.superprof.com.au/blog/wp-content/uploads/2018/09/hindi-films-dvd-movies.jpg
8,6,"NBA, WWE & Celebrity TV Hosts",NBA Superstar Merchandise,Kobe Bryant Tribute Collection,https://docs.streamlit.io/develop/api-reference/execution-flow/st.form,https://www.superprof.com.au/blog/wp-content/uploads/2018/09/hindi-films-dvd-movies.jpg
8,6,"NBA, WWE & Celebrity TV Hosts",NBA Superstar Merchandise,NBA All-Star Game Tickets,https://docs.streamlit.io/develop/api-reference/execution-flow/st.form,https://www.superprof.com.au/blog/wp-content/uploads/2018/09/hindi-films-dvd-movies.jpg
8,6,"NBA, WWE & Celebrity TV Hosts",WWE Superstar Gear,"Randy Orton ""RKO"" Apparel",https://docs.streamlit.io/develop/api-reference/execution-flow/st.form,https://www.superprof.com.au/blog/wp-content/uploads/2018/09/hindi-films-dvd-movies.jpg
8,6,"NBA, WWE & Celebrity TV Hosts",WWE Superstar Gear,WWE Championship Replica Belts,https://docs.streamlit.io/develop/api-reference/execution-flow/st.form,https://www.superprof.com.au/blog/wp-content/uploads/2018/09/hindi-films-dvd-movies.jpg
8,6,"NBA, WWE & Celebrity TV Hosts",WWE Superstar Gear,WWE Live Event Experience,https://docs.streamlit.io/develop/api-reference/execution-flow/st.form,https://www.superprof.com.au/blog/wp-content/uploads/2018/09/hindi-films-dvd-movies.jpg
8,6,"NBA, WWE & Celebrity TV Hosts",Celebrity TV Host Products,Steve Harvey Motivational Book Collection,https://docs.streamlit.io/develop/api-reference/execution-flow/st.form,https://www.superprof.com.au/blog/wp-content/uploads/2018/09/hindi-films-dvd-movies.jpg
8,6,"NBA, WWE & Celebrity TV Hosts",Celebrity TV Host Products,Gordon Ramsay Cookware Set,https://docs.streamlit.io/develop/api-reference/execution-flow/st.form,https://www.superprof.com.au/blog/wp-content/uploads/2018/09/hindi-films-dvd-movies.jpg
8,6,"NBA, WWE & Celebrity TV Hosts",Celebrity TV Host Products,Family Feud Board Game,https://docs.streamlit.io/develop/api-reference/execution-flow/st.form,https://www.superprof.com.au/blog/wp-content/uploads/2018/09/hindi-films-dvd-movies.jpg
8,7,Talk Show Hosts & Hollywood Actors,Talk Show Host Merchandise,Conan O?Brien Late Night Show Collection,Gordon Ramsay ? HexClad Cookware,https://www.superprof.com.au/blog/wp-content/uploads/2018/09/hindi-films-dvd-movies.jpg
8,7,Talk Show Hosts & Hollywood Actors,Talk Show Host Merchandise,Phillip Schofield Autobiography Bundle,Jamie Oliver Cookware: Browse Our Collection Today (ecookshop.co.uk),https://www.superprof.com.au/blog/wp-content/uploads/2018/09/hindi-films-dvd-movies.jpg
8,7,Talk Show Hosts & Hollywood Actors,Talk Show Host Merchandise,Who Wants to Be a Millionaire Board Game,Cake | Nigella's Recipes | Nigella Lawson,https://www.superprof.com.au/blog/wp-content/uploads/2018/09/hindi-films-dvd-movies.jpg
8,7,Talk Show Hosts & Hollywood Actors,Hollywood Actor Memorabilia,Tom Cruise Signed Movie Posters,Official MasterChef Cotton Chef Apron - Elite Black Kitchenware UK,https://www.superprof.com.au/blog/wp-content/uploads/2018/09/hindi-films-dvd-movies.jpg
8,7,Talk Show Hosts & Hollywood Actors,Hollywood Actor Memorabilia,Hugh Jackman Wolverine Action Figures,Cutting Boards ? HexClad Cookware,https://www.superprof.com.au/blog/wp-content/uploads/2018/09/hindi-films-dvd-movies.jpg
8,7,Talk Show Hosts & Hollywood Actors,Hollywood Actor Memorabilia,Dylan O?Brien Movie Collection,Amazon.com : Top Chef The Cookboo,https://www.superprof.com.au/blog/wp-content/uploads/2018/09/hindi-films-dvd-movies.jpg
8,7,Talk Show Hosts & Hollywood Actors,TV & Film Actor Experiences,Jeremy Clarkson?s Farm Tour Experience,https://docs.streamlit.io/develop/api-reference/execution-flow/st.form,https://www.superprof.com.au/blog/wp-content/uploads/2018/09/hindi-films-dvd-movies.jpg
8,7,Talk Show Hosts & Hollywood Actors,TV & Film Actor Experiences,Hugh Jackman Broadway Tickets,https://docs.streamlit.io/develop/api-reference/execution-flow/st.form,https://www.superprof.com.au/blog/wp-content/uploads/2018/09/hindi-films-dvd-movies.jpg
8,7,Talk Show Hosts & Hollywood Actors,TV & Film Actor Experiences,Tom Cruise Stunt Masterclass,https://docs.streamlit.io/develop/api-reference/execution-flow/st.form,https://www.superprof.com.au/blog/wp-content/uploads/2018/09/hindi-films-dvd-movies.jpg
8,8,Bollywood & Cricket,Bollywood DVDs and Blu-rays,Shah Rukh Khan and Salman Khan Films,NBA 2K24 Kobe Bryant Edition for PS5? (playstation.com),https://www.superprof.com.au/blog/wp-content/uploads/2018/09/hindi-films-dvd-movies.jpg
8,8,Bollywood & Cricket,Bollywood DVDs and Blu-rays,Blockbuster Bollywood: Top 10 Movies Collection,"NBA Gear at NBA Store - The NBA Store. One Store, Every Team",https://www.superprof.com.au/blog/wp-content/uploads/2018/09/hindi-films-dvd-movies.jpg
8,8,Bollywood & Cricket,Bollywood DVDs and Blu-rays,Cricket and Cinema: Bollywood Films About India?s Favorite Sport,Air Jordan Basketball Shoes Sneakers | Flight Club,https://www.superprof.com.au/blog/wp-content/uploads/2018/09/hindi-films-dvd-movies.jpg
8,8,Bollywood & Cricket,Event Tickets,Bollywood Movie Premiere Night Experience,The Official Online Store of the WWE | shop.wwe.com,https://www.superprof.com.au/blog/wp-content/uploads/2018/09/hindi-films-dvd-movies.jpg
8,8,Bollywood & Cricket,Event Tickets,Live in Concert: Bollywood Stars Tour,WWE Legends Series Wrestling Figures - Mattel ? wrestlingshop.com,https://www.superprof.com.au/blog/wp-content/uploads/2018/09/hindi-films-dvd-movies.jpg
8,8,Bollywood & Cricket,Event Tickets,Cricket World Cup Final: VIP Seats,https://www.wired.com/gallery/best-fitness-tracker/,https://www.superprof.com.au/blog/wp-content/uploads/2018/09/hindi-films-dvd-movies.jpg
8,8,Bollywood & Cricket,Cricket Gear,Cricket Batting Gloves,Amazon.com : nba championship trophy,https://www.superprof.com.au/blog/wp-content/uploads/2018/09/hindi-films-dvd-movies.jpg
8,8,Bollywood & Cricket,Cricket Gear,Cricket Bat,"WWE Title Belts, WWE World Championship Belt | shop.wwe.com",https://www.superprof.com.au/blog/wp-content/uploads/2018/09/hindi-films-dvd-movies.jpg
8,8,Bollywood & Cricket,Cricket Gear,Cricket Leg Pads,"Kobe Bryant NBA Original Autographed Lithographs, Posters & Prints | eBay",https://www.superprof.com.au/blog/wp-content/uploads/2018/09/hindi-films-dvd-movies.jpg
